{"accuracy": [0.6060002446174622, 0.8627395033836365, 0.916767418384552, 0.9428424835205078, 0.9560294151306152, 0.966812252998352, 0.9716346263885498, 0.977267861366272, 0.9792167544364929, 0.9817203879356384], "loss": [1.334213376045227, 0.4336460530757904, 0.2597312331199646, 0.17685042321681976, 0.13235612213611603, 0.10321280360221863, 0.0853053629398346, 0.07107099145650864, 0.06306300312280655, 0.05784912407398224], "val_accuracy": [0.8252332210540771, 0.9166762828826904, 0.9368881583213806, 0.9441437125205994, 0.9549118876457214, 0.9654497504234314, 0.9571576714515686, 0.9602096080780029, 0.9735690355300903, 0.9547391533851624], "val_loss": [0.5510861873626709, 0.2553601861000061, 0.19232693314552307, 0.16649001836776733, 0.1461395025253296, 0.10939417034387589, 0.138870969414711, 0.1266985535621643, 0.09264916926622391, 0.15498705208301544]}